<Anims>
 <anim name="idle_polearm" root="weapon_show" numframes="100" framerate="40">
  <frame idx="0" w="660" h="525" x="-243.830841" y="-88.747131">
   <element name="swap_object" layername="swap_object" frame="0" z_index="2" m_a="-0.766045" m_b="-0.642787" m_c="-0.642787" m_d="0.766045" m_tx="0.000000" m_ty="0.000000"/>
  </frame>
  <frame idx="25" w="660" h="525" x="-243.830841" y="-88.747131">
   <element name="swap_object" layername="swap_object" frame="0" z_index="2" m_a="-0.766045" m_b="-0.642787" m_c="-0.642787" m_d="0.766045" m_tx="0.000000" m_ty="0.000000"/>
  </frame>
  <frame idx="50" w="660" h="525" x="-243.830841" y="-88.747131">
   <element name="swap_object" layername="swap_object" frame="0" z_index="2" m_a="-0.766045" m_b="-0.642787" m_c="-0.642787" m_d="0.766045" m_tx="0.000000" m_ty="0.000000"/>
  </frame>
  <frame idx="75" w="660" h="525" x="-243.830841" y="-88.747131">
   <element name="swap_object" layername="swap_object" frame="0" z_index="2" m_a="-0.766045" m_b="-0.642787" m_c="-0.642787" m_d="0.766045" m_tx="0.000000" m_ty="0.000000"/>
  </frame>
 </anim>
 <anim name="idle_sword" root="weapon_show" numframes="100" framerate="40">
  <frame idx="0" w="258" h="796" x="101.414886" y="-322.628448">
   <element name="swap_object" layername="swap_object" frame="0" z_index="2" m_a="0.820152" m_b="0.572146" m_c="0.572146" m_d="-0.820152" m_tx="0.000000" m_ty="0.000000"/>
  </frame>
  <frame idx="25" w="258" h="796" x="101.414886" y="-322.628448">
   <element name="swap_object" layername="swap_object" frame="0" z_index="2" m_a="0.820152" m_b="0.572146" m_c="0.572146" m_d="-0.820152" m_tx="0.000000" m_ty="0.000000"/>
  </frame>
  <frame idx="50" w="258" h="796" x="101.414886" y="-322.628448">
   <element name="swap_object" layername="swap_object" frame="0" z_index="2" m_a="0.820152" m_b="0.572146" m_c="0.572146" m_d="-0.820152" m_tx="0.000000" m_ty="0.000000"/>
  </frame>
  <frame idx="75" w="258" h="796" x="101.414886" y="-322.628448">
   <element name="swap_object" layername="swap_object" frame="0" z_index="2" m_a="0.820152" m_b="0.572146" m_c="0.572146" m_d="-0.820152" m_tx="0.000000" m_ty="0.000000"/>
  </frame>
 </anim>
</Anims>
