<Anims>
 <anim name="close" root="ui_artifacts_refiner" numframes="200" framerate="40">
  <frame idx="0" w="1056" h="772" x="0.069122" y="196.927826">
   <element name="frame" layername="frame" frame="0" z_index="2" m_a="1.000000" m_b="0.000000" m_c="0.000000" m_d="0.934753" m_tx="0.000000" m_ty="9.571870"/>
  </frame>
  <frame idx="25" w="1056" h="746" x="0.069122" y="172.857117">
   <element name="frame" layername="frame" frame="0" z_index="2" m_a="1.000000" m_b="0.000000" m_c="0.000000" m_d="0.885653" m_tx="0.000000" m_ty="9.069090"/>
  </frame>
  <frame idx="50" w="1056" h="697" x="0.069122" y="126.060547">
   <element name="frame" layername="frame" frame="0" z_index="2" m_a="1.000000" m_b="0.000000" m_c="0.000000" m_d="0.790197" m_tx="0.000000" m_ty="8.091613"/>
  </frame>
  <frame idx="75" w="1056" h="622" x="0.069122" y="54.656799">
   <element name="frame" layername="frame" frame="0" z_index="2" m_a="1.000000" m_b="0.000000" m_c="0.000000" m_d="0.644546" m_tx="0.000000" m_ty="6.600145"/>
  </frame>
  <frame idx="100" w="1056" h="520" x="0.069122" y="-41.480759">
   <element name="frame" layername="frame" frame="0" z_index="2" m_a="1.000000" m_b="0.000000" m_c="0.000000" m_d="0.448443" m_tx="0.000000" m_ty="4.592050"/>
  </frame>
  <frame idx="125" w="1056" h="360" x="0.069122" y="-193.504547">
   <element name="frame" layername="frame" frame="0" z_index="2" m_a="1.000000" m_b="0.000000" m_c="0.000000" m_d="0.138342" m_tx="0.000000" m_ty="1.416623"/>
  </frame>
  <frame idx="150" w="1056" h="301" x="0.069122" y="-245.099548">
   <element name="frame" layername="frame" frame="0" z_index="2" m_a="1.000000" m_b="0.000000" m_c="0.000000" m_d="0.028870" m_tx="0.000000" m_ty="2.368285"/>
  </frame>
  <frame idx="175" w="1056" h="290" x="0.069122" y="-252.623154">
   <element name="frame" layername="frame" frame="0" z_index="2" m_a="1.000000" m_b="0.000000" m_c="0.000000" m_d="0.010000" m_tx="0.000000" m_ty="3.902270"/>
  </frame>
 </anim>
 <anim name="open" root="ui_artifacts_refiner" numframes="225" framerate="40">
  <frame idx="0" w="1056" h="327" x="0.069122" y="-224.102509">
   <element name="frame" layername="frame" frame="0" z_index="2" m_a="1.000000" m_b="0.000000" m_c="0.000000" m_d="0.075928" m_tx="0.000000" m_ty="0.777502"/>
  </frame>
  <frame idx="25" w="1064" h="410" x="6.966705" y="-146.781860">
   <element name="frame" layername="frame" frame="0" z_index="2" m_a="1.014370" m_b="0.000000" m_c="0.000000" m_d="0.233648" m_tx="0.000000" m_ty="2.392550"/>
  </frame>
  <frame idx="50" w="1084" h="624" x="25.110748" y="56.651581">
   <element name="frame" layername="frame" frame="0" z_index="2" m_a="1.052170" m_b="0.000000" m_c="0.000000" m_d="0.648615" m_tx="0.000000" m_ty="6.641820"/>
  </frame>
  <frame idx="75" w="1096" h="811" x="35.347626" y="234.054840">
   <element name="frame" layername="frame" frame="0" z_index="2" m_a="1.073497" m_b="0.000000" m_c="0.000000" m_d="1.010485" m_tx="0.000000" m_ty="10.347378"/>
  </frame>
  <frame idx="100" w="1075" h="811" x="17.027557" y="234.665039">
   <element name="frame" layername="frame" frame="0" z_index="2" m_a="1.035330" m_b="0.000000" m_c="0.000000" m_d="1.011730" m_tx="0.000000" m_ty="10.360100"/>
  </frame>
  <frame idx="125" w="1065" h="808" x="7.619537" y="231.404938">
   <element name="frame" layername="frame" frame="0" z_index="2" m_a="1.015730" m_b="0.000000" m_c="0.000000" m_d="1.005080" m_tx="0.000000" m_ty="10.292000"/>
  </frame>
  <frame idx="150" w="1060" h="806" x="2.214722" y="229.537170">
   <element name="frame" layername="frame" frame="0" z_index="2" m_a="1.004470" m_b="0.000000" m_c="0.000000" m_d="1.001270" m_tx="0.000000" m_ty="10.253000"/>
  </frame>
  <frame idx="175" w="1056" h="805" x="0.069122" y="228.794922">
   <element name="frame" layername="frame" frame="0" z_index="2" m_a="1.000000" m_b="0.000000" m_c="0.000000" m_d="0.999756" m_tx="0.000000" m_ty="10.237500"/>
  </frame>
  <frame idx="200" w="1056" h="805" x="0.069122" y="228.794922">
   <element name="frame" layername="frame" frame="0" z_index="2" m_a="1.000000" m_b="0.000000" m_c="0.000000" m_d="0.999756" m_tx="0.000000" m_ty="10.237500"/>
  </frame>
 </anim>
</Anims>
