<Anims>
 <anim name="idle" root="artifacts_refiner" numframes="100" framerate="40">
  <frame idx="0" w="351" h="480" x="1.000000" y="-116.000000">
   <element name="refiner" layername="refiner" frame="0" z_index="3" m_a="1.000000" m_b="0.000000" m_c="0.000000" m_d="1.000000" m_tx="0.000000" m_ty="0.000000"/>
  </frame>
  <frame idx="25" w="351" h="480" x="1.000000" y="-116.000000">
   <element name="refiner" layername="refiner" frame="0" z_index="3" m_a="1.000000" m_b="0.000000" m_c="0.000000" m_d="1.000000" m_tx="0.000000" m_ty="0.000000"/>
  </frame>
  <frame idx="50" w="351" h="480" x="1.000000" y="-116.000000">
   <element name="refiner" layername="refiner" frame="0" z_index="3" m_a="1.000000" m_b="0.000000" m_c="0.000000" m_d="1.000000" m_tx="0.000000" m_ty="0.000000"/>
  </frame>
  <frame idx="75" w="351" h="480" x="1.000000" y="-116.000000">
   <element name="refiner" layername="refiner" frame="0" z_index="3" m_a="1.000000" m_b="0.000000" m_c="0.000000" m_d="1.000000" m_tx="0.000000" m_ty="0.000000"/>
  </frame>
 </anim>
 <anim name="hit" root="artifacts_refiner" numframes="300" framerate="40">
  <frame idx="0" w="351" h="480" x="1.000000" y="-116.000000">
   <element name="refiner" layername="refiner" frame="0" z_index="3" m_a="1.000000" m_b="0.000000" m_c="0.000000" m_d="1.000000" m_tx="0.000000" m_ty="0.000000"/>
  </frame>
  <frame idx="25" w="352" h="481" x="1.358444" y="-117.023132">
   <element name="refiner" layername="refiner" frame="0" z_index="3" m_a="0.999997" m_b="-0.002252" m_c="0.002243" m_d="0.995858" m_tx="0.000000" m_ty="0.000000"/>
  </frame>
  <frame idx="50" w="352" h="481" x="1.713104" y="-118.047028">
   <element name="refiner" layername="refiner" frame="0" z_index="3" m_a="0.999990" m_b="-0.004504" m_c="0.004467" m_d="0.991710" m_tx="0.000000" m_ty="0.000000"/>
  </frame>
  <frame idx="75" w="354" h="482" x="2.063965" y="-119.071716">
   <element name="refiner" layername="refiner" frame="0" z_index="3" m_a="0.999977" m_b="-0.006756" m_c="0.006673" m_d="0.987558" m_tx="0.000000" m_ty="0.000000"/>
  </frame>
  <frame idx="100" w="354" h="482" x="2.410995" y="-120.097214">
   <element name="refiner" layername="refiner" frame="0" z_index="3" m_a="0.999959" m_b="-0.009009" m_c="0.008859" m_d="0.983401" m_tx="0.000000" m_ty="0.000000"/>
  </frame>
  <frame idx="125" w="354" h="482" x="2.391754" y="-119.764923">
   <element name="refiner" layername="refiner" frame="0" z_index="3" m_a="0.999961" m_b="-0.008867" m_c="0.008738" m_d="0.985337" m_tx="0.000000" m_ty="0.000000"/>
  </frame>
  <frame idx="150" w="352" h="482" x="0.862900" y="-114.007370">
   <element name="refiner" layername="refiner" frame="0" z_index="3" m_a="1.000000" m_b="0.000847" m_c="-0.000856" m_d="1.011607" m_tx="0.000000" m_ty="0.000000"/>
  </frame>
  <frame idx="175" w="357" h="482" x="-0.582748" y="-114.064377">
   <element name="refiner" layername="refiner" frame="0" z_index="3" m_a="0.999952" m_b="0.009821" m_c="-0.009844" m_d="1.002277" m_tx="0.000000" m_ty="0.000000"/>
  </frame>
  <frame idx="200" w="361" h="482" x="-2.005020" y="-114.375809">
   <element name="refiner" layername="refiner" frame="0" z_index="3" m_a="0.999824" m_b="0.018764" m_c="-0.018605" m_d="0.991387" m_tx="0.000000" m_ty="0.000000"/>
  </frame>
  <frame idx="225" w="361" h="482" x="-1.974960" y="-114.747650">
   <element name="refiner" layername="refiner" frame="0" z_index="3" m_a="0.999827" m_b="0.018618" m_c="-0.018420" m_d="0.989209" m_tx="0.000000" m_ty="0.000000"/>
  </frame>
  <frame idx="250" w="358" h="481" x="-0.984207" y="-115.159012">
   <element name="refiner" layername="refiner" frame="0" z_index="3" m_a="0.999923" m_b="0.012412" m_c="-0.012324" m_d="0.992844" m_tx="0.000000" m_ty="0.000000"/>
  </frame>
  <frame idx="275" w="355" h="481" x="0.007492" y="-115.576492">
   <element name="refiner" layername="refiner" frame="0" z_index="3" m_a="0.999981" m_b="0.006206" m_c="-0.006184" m_d="0.996441" m_tx="0.000000" m_ty="0.000000"/>
  </frame>
 </anim>
 <anim name="place" root="artifacts_refiner" numframes="400" framerate="40">
  <frame idx="0" w="351" h="314" x="1.000000" y="-267.159363">
   <element name="refiner" layername="refiner" frame="0" z_index="3" m_a="1.000000" m_b="0.000000" m_c="0.000000" m_d="0.055254" m_tx="0.000000" m_ty="0.000000"/>
  </frame>
  <frame idx="25" w="351" h="334" x="0.166672" y="-249.746918">
   <element name="refiner" layername="refiner" frame="0" z_index="3" m_a="0.994792" m_b="0.000000" m_c="0.000000" m_d="0.164082" m_tx="0.000000" m_ty="0.000000"/>
  </frame>
  <frame idx="50" w="350" h="352" x="-0.666672" y="-232.334488">
   <element name="refiner" layername="refiner" frame="0" z_index="3" m_a="0.989583" m_b="0.000000" m_c="0.000000" m_d="0.272909" m_tx="0.000000" m_ty="0.000000"/>
  </frame>
  <frame idx="75" w="349" h="372" x="-1.500000" y="-214.922058">
   <element name="refiner" layername="refiner" frame="0" z_index="3" m_a="0.984375" m_b="0.000000" m_c="0.000000" m_d="0.381737" m_tx="0.000000" m_ty="0.000000"/>
  </frame>
  <frame idx="100" w="348" h="391" x="-2.333328" y="-197.509613">
   <element name="refiner" layername="refiner" frame="0" z_index="3" m_a="0.979167" m_b="0.000000" m_c="0.000000" m_d="0.490565" m_tx="0.000000" m_ty="0.000000"/>
  </frame>
  <frame idx="125" w="347" h="410" x="-3.166672" y="-180.097198">
   <element name="refiner" layername="refiner" frame="0" z_index="3" m_a="0.973958" m_b="0.000000" m_c="0.000000" m_d="0.599393" m_tx="0.000000" m_ty="0.000000"/>
  </frame>
  <frame idx="150" w="346" h="429" x="-4.000000" y="-162.684753">
   <element name="refiner" layername="refiner" frame="0" z_index="3" m_a="0.968750" m_b="0.000000" m_c="0.000000" m_d="0.708220" m_tx="0.000000" m_ty="0.000000"/>
  </frame>
  <frame idx="175" w="346" h="448" x="-4.833344" y="-145.272324">
   <element name="refiner" layername="refiner" frame="0" z_index="3" m_a="0.963542" m_b="0.000000" m_c="0.000000" m_d="0.817048" m_tx="0.000000" m_ty="0.000000"/>
  </frame>
  <frame idx="200" w="345" h="468" x="-5.666672" y="-127.859894">
   <element name="refiner" layername="refiner" frame="0" z_index="3" m_a="0.958333" m_b="0.000000" m_c="0.000000" m_d="0.925876" m_tx="0.000000" m_ty="0.000000"/>
  </frame>
  <frame idx="225" w="344" h="487" x="-6.500000" y="-110.447464">
   <element name="refiner" layername="refiner" frame="0" z_index="3" m_a="0.953125" m_b="0.000000" m_c="0.000000" m_d="1.034703" m_tx="0.000000" m_ty="0.000000"/>
  </frame>
  <frame idx="250" w="344" h="497" x="-6.500000" y="-101.000000">
   <element name="refiner" layername="refiner" frame="0" z_index="3" m_a="0.953125" m_b="0.000000" m_c="0.000000" m_d="1.093750" m_tx="0.000000" m_ty="0.000000"/>
  </frame>
  <frame idx="275" w="345" h="494" x="-5.250000" y="-103.500000">
   <element name="refiner" layername="refiner" frame="0" z_index="3" m_a="0.960938" m_b="0.000000" m_c="0.000000" m_d="1.078125" m_tx="0.000000" m_ty="0.000000"/>
  </frame>
  <frame idx="300" w="346" h="491" x="-4.000000" y="-106.000000">
   <element name="refiner" layername="refiner" frame="0" z_index="3" m_a="0.968750" m_b="0.000000" m_c="0.000000" m_d="1.062500" m_tx="0.000000" m_ty="0.000000"/>
  </frame>
  <frame idx="325" w="348" h="489" x="-2.750000" y="-108.500000">
   <element name="refiner" layername="refiner" frame="0" z_index="3" m_a="0.976563" m_b="0.000000" m_c="0.000000" m_d="1.046875" m_tx="0.000000" m_ty="0.000000"/>
  </frame>
  <frame idx="350" w="349" h="486" x="-1.500000" y="-111.000000">
   <element name="refiner" layername="refiner" frame="0" z_index="3" m_a="0.984375" m_b="0.000000" m_c="0.000000" m_d="1.031250" m_tx="0.000000" m_ty="0.000000"/>
  </frame>
  <frame idx="375" w="350" h="483" x="-0.250000" y="-113.500000">
   <element name="refiner" layername="refiner" frame="0" z_index="3" m_a="0.992188" m_b="0.000000" m_c="0.000000" m_d="1.015625" m_tx="0.000000" m_ty="0.000000"/>
  </frame>
 </anim>
</Anims>
