<Anims>
 <anim name="hit" root="artifacts_refiner" numframes="400" framerate="40">
  <frame idx="0" w="466" h="539" x="8.293823" y="-118.470978">
   <element name="lid" layername="lid" frame="0" z_index="13" m_a="0.998398" m_b="-0.043944" m_c="0.043944" m_d="0.998398" m_tx="-12.499900" m_ty="-219.901001"/>
   <element name="pot" layername="pot" frame="0" z_index="14" m_a="1.236089" m_b="-0.066009" m_c="0.062729" m_d="1.174666" m_tx="3.850000" m_ty="-158.449997"/>
   <element name="wood" layername="wood" frame="0" z_index="15" m_a="-0.906234" m_b="0.418839" m_c="0.418839" m_d="0.906234" m_tx="81.750000" m_ty="-96.449997"/>
   <element name="wood" layername="wood" frame="0" z_index="16" m_a="0.884800" m_b="0.462700" m_c="-0.462700" m_d="0.884800" m_tx="-92.900002" m_ty="-100.500000"/>
   <element name="coals" layername="coals" frame="0" z_index="17" m_a="1.076770" m_b="0.000000" m_c="0.000000" m_d="0.983750" m_tx="0.950001" m_ty="-11.350000"/>
   <element name="wood" layername="wood_2" frame="0" z_index="18" m_a="1.029402" m_b="0.017483" m_c="-0.014267" m_d="0.840027" m_tx="2.000000" m_ty="-120.949997"/>
  </frame>
  <frame idx="25" w="442" h="550" x="10.077469" y="-127.616608">
   <element name="lid" layername="lid" frame="0" z_index="13" m_a="1.026940" m_b="0.004543" m_c="-0.004494" m_d="1.015763" m_tx="-8.566106" m_ty="-240.727478"/>
   <element name="pot" layername="pot" frame="0" z_index="14" m_a="1.223557" m_b="-0.037919" m_c="0.036901" m_d="1.190732" m_tx="4.398846" m_ty="-167.957352"/>
   <element name="wood" layername="wood" frame="0" z_index="15" m_a="-0.929976" m_b="0.363165" m_c="0.363165" m_d="0.929976" m_tx="81.750000" m_ty="-106.050735"/>
   <element name="wood" layername="wood" frame="0" z_index="16" m_a="0.914567" m_b="0.400677" m_c="-0.400677" m_d="0.914567" m_tx="-91.945885" m_ty="-109.416908"/>
   <element name="coals" layername="coals" frame="0" z_index="17" m_a="1.068704" m_b="0.000000" m_c="0.000000" m_d="1.004162" m_tx="0.968383" m_ty="-12.305882"/>
   <element name="wood" layername="wood_2" frame="0" z_index="18" m_a="1.029481" m_b="-0.002329" m_c="0.001901" m_d="0.840091" m_tx="2.000000" m_ty="-123.989708"/>
  </frame>
  <frame idx="50" w="382" h="587" x="17.741974" y="-137.674698">
   <element name="lid" layername="lid" frame="0" z_index="13" m_a="1.053542" m_b="0.056696" m_c="-0.055483" m_d="1.031005" m_tx="-4.556108" m_ty="-261.958344"/>
   <element name="pot" layername="pot" frame="0" z_index="14" m_a="1.188488" m_b="0.031559" m_c="-0.032644" m_d="1.229343" m_tx="5.810263" m_ty="-192.407883"/>
   <element name="wood" layername="wood" frame="0" z_index="15" m_a="-0.975164" m_b="0.214353" m_c="0.214353" m_d="0.975164" m_tx="81.750000" m_ty="-130.739975"/>
   <element name="wood" layername="wood" frame="0" z_index="16" m_a="0.970898" m_b="0.233162" m_c="-0.233162" m_d="0.970898" m_tx="-89.492149" m_ty="-132.347244"/>
   <element name="coals" layername="coals" frame="0" z_index="17" m_a="1.060481" m_b="0.000000" m_c="0.000000" m_d="1.024965" m_tx="0.987120" m_ty="-13.280254"/>
   <element name="wood" layername="wood_2" frame="0" z_index="18" m_a="1.027936" m_b="-0.053248" m_c="0.043452" m_d="0.838827" m_tx="1.999976" m_ty="-131.807404"/>
  </frame>
  <frame idx="75" w="368" h="615" x="16.937134" y="-146.736481">
   <element name="lid" layername="lid" frame="0" z_index="13" m_a="1.071766" m_b="0.074097" m_c="-0.072001" m_d="1.041441" m_tx="-3.406201" m_ty="-279.459076"/>
   <element name="pot" layername="pot" frame="0" z_index="14" m_a="1.159716" m_b="0.070862" m_c="-0.076662" m_d="1.254639" m_tx="6.736328" m_ty="-217.628784"/>
   <element name="wood" layername="wood" frame="0" z_index="15" m_a="-0.996327" m_b="0.064069" m_c="0.064069" m_d="0.996327" m_tx="82.131821" m_ty="-156.778793"/>
   <element name="wood" layername="wood" frame="0" z_index="16" m_a="0.996816" m_b="0.056603" m_c="-0.056603" m_d="0.996816" m_tx="-86.977272" m_ty="-155.827271"/>
   <element name="coals" layername="coals" frame="0" z_index="17" m_a="1.070083" m_b="0.000000" m_c="0.000000" m_d="1.017470" m_tx="0.975756" m_ty="-12.943851"/>
   <element name="wood" layername="wood_2" frame="0" z_index="18" m_a="1.024113" m_b="-0.101359" m_c="0.082712" m_d="0.835703" m_tx="1.515108" m_ty="-145.502274"/>
  </frame>
  <frame idx="100" w="366" h="627" x="24.359818" y="-154.067902">
   <element name="lid" layername="lid" frame="0" z_index="13" m_a="1.074058" m_b="0.011566" m_c="-0.011239" m_d="1.043669" m_tx="-8.425080" m_ty="-288.549988"/>
   <element name="pot" layername="pot" frame="0" z_index="14" m_a="1.178018" m_b="0.005305" m_c="-0.005548" m_d="1.232118" m_tx="5.599980" m_ty="-226.625000"/>
   <element name="wood" layername="wood" frame="0" z_index="15" m_a="-0.997408" m_b="0.033910" m_c="0.033910" m_d="0.997408" m_tx="83.324997" m_ty="-167.649994"/>
   <element name="wood" layername="wood" frame="0" z_index="16" m_a="0.998118" m_b="0.003536" m_c="-0.003536" m_d="0.998118" m_tx="-86.125000" m_ty="-163.725006"/>
   <element name="coals" layername="coals" frame="0" z_index="17" m_a="1.117750" m_b="0.000000" m_c="0.000000" m_d="0.949378" m_tx="0.899999" m_ty="-9.799950"/>
   <element name="wood" layername="wood_2" frame="0" z_index="18" m_a="1.023433" m_b="-0.106696" m_c="0.087066" m_d="0.835148" m_tx="-0.000023" m_ty="-165.975006"/>
  </frame>
  <frame idx="125" w="373" h="659" x="31.643555" y="-167.472198">
   <element name="lid" layername="lid" frame="0" z_index="13" m_a="1.072797" m_b="-0.049133" m_c="0.047742" m_d="1.042439" m_tx="-13.296345" m_ty="-297.372803"/>
   <element name="pot" layername="pot" frame="0" z_index="14" m_a="1.192186" m_b="-0.060087" m_c="0.060808" m_d="1.206488" m_tx="4.497061" m_ty="-235.355881"/>
   <element name="wood" layername="wood" frame="0" z_index="15" m_a="-0.997584" m_b="0.004635" m_c="0.004635" m_d="0.997584" m_tx="84.483086" m_ty="-178.200729"/>
   <element name="wood" layername="wood" frame="0" z_index="16" m_a="0.996681" m_b="-0.047956" m_c="0.047956" m_d="0.996681" m_tx="-85.297791" m_ty="-171.389709"/>
   <element name="coals" layername="coals" frame="0" z_index="17" m_a="1.164022" m_b="0.000000" m_c="0.000000" m_d="0.883290" m_tx="0.826472" m_ty="-6.748568"/>
   <element name="wood" layername="wood_2" frame="0" z_index="18" m_a="1.022748" m_b="-0.111870" m_c="0.091289" m_d="0.834587" m_tx="-1.470558" m_ty="-185.845581"/>
  </frame>
  <frame idx="150" w="374" h="647" x="32.271667" y="-163.206390">
   <element name="lid" layername="lid" frame="0" z_index="13" m_a="1.071405" m_b="-0.081038" m_c="0.078094" m_d="1.032487" m_tx="-15.571212" m_ty="-281.409607"/>
   <element name="pot" layername="pot" frame="0" z_index="14" m_a="1.204171" m_b="-0.080888" m_c="0.080009" m_d="1.191080" m_tx="4.221217" m_ty="-220.608582"/>
   <element name="wood" layername="wood" frame="0" z_index="15" m_a="-0.992931" m_b="0.097178" m_c="0.097178" m_d="0.992931" m_tx="85.360603" m_ty="-164.750992"/>
   <element name="wood" layername="wood" frame="0" z_index="16" m_a="0.996970" m_b="0.042773" m_c="-0.042773" m_d="0.996970" m_tx="-85.230301" m_ty="-159.179779"/>
   <element name="coals" layername="coals" frame="0" z_index="17" m_a="1.152021" m_b="0.000000" m_c="0.000000" m_d="0.892202" m_tx="0.848486" m_ty="-7.153086"/>
   <element name="wood" layername="wood_2" frame="0" z_index="18" m_a="1.024416" m_b="-0.096335" m_c="0.078102" m_d="0.830524" m_tx="-0.945417" m_ty="-173.411606"/>
  </frame>
  <frame idx="175" w="381" h="607" x="31.848343" y="-148.176208">
   <element name="lid" layername="lid" frame="0" z_index="13" m_a="1.071059" m_b="-0.096807" m_c="0.092078" m_d="1.018743" m_tx="-16.385557" m_ty="-251.504547"/>
   <element name="pot" layername="pot" frame="0" z_index="14" m_a="1.216303" m_b="-0.075909" m_c="0.073815" m_d="1.182751" m_tx="4.410615" m_ty="-192.654541"/>
   <element name="wood" layername="wood" frame="0" z_index="15" m_a="-0.964673" m_b="0.255835" m_c="0.255835" m_d="0.964673" m_tx="86.080299" m_ty="-137.800766"/>
   <element name="wood" layername="wood" frame="0" z_index="16" m_a="0.975359" m_b="0.211998" m_c="-0.211998" m_d="0.975359" m_tx="-85.590149" m_ty="-135.790146"/>
   <element name="coals" layername="coals" frame="0" z_index="17" m_a="1.107240" m_b="0.000000" m_c="0.000000" m_d="0.943301" m_tx="0.924243" m_ty="-9.501521"/>
   <element name="wood" layername="wood_2" frame="0" z_index="18" m_a="1.026824" m_b="-0.069089" m_c="0.055441" m_d="0.823985" m_tx="0.702289" m_ty="-142.806061"/>
  </frame>
  <frame idx="200" w="429" h="566" x="18.992905" y="-133.146942">
   <element name="lid" layername="lid" frame="0" z_index="13" m_a="1.070476" m_b="-0.112581" m_c="0.105675" m_d="1.004808" m_tx="-17.199800" m_ty="-221.600006"/>
   <element name="pot" layername="pot" frame="0" z_index="14" m_a="1.228410" m_b="-0.070816" m_c="0.067702" m_d="1.174390" m_tx="4.600040" m_ty="-164.699997"/>
   <element name="wood" layername="wood" frame="0" z_index="15" m_a="-0.911225" m_b="0.407926" m_c="0.407926" m_d="0.911225" m_tx="86.800003" m_ty="-110.849998"/>
   <element name="wood" layername="wood" frame="0" z_index="16" m_a="0.925236" m_b="0.375097" m_c="-0.375097" m_d="0.925236" m_tx="-85.949997" m_ty="-112.400002"/>
   <element name="coals" layername="coals" frame="0" z_index="17" m_a="1.062460" m_b="0.000000" m_c="0.000000" m_d="0.994399" m_tx="0.999999" m_ty="-11.849900"/>
   <element name="wood" layername="wood_2" frame="0" z_index="18" m_a="1.028502" m_b="-0.041782" m_c="0.033183" m_d="0.816834" m_tx="2.349990" m_ty="-112.199997"/>
  </frame>
  <frame idx="225" w="417" h="556" x="19.043396" y="-130.972519">
   <element name="lid" layername="lid" frame="0" z_index="13" m_a="1.052218" m_b="-0.068514" m_c="0.065448" m_d="1.005133" m_tx="-14.029359" m_ty="-226.972061"/>
   <element name="pot" layername="pot" frame="0" z_index="14" m_a="1.220735" m_b="-0.049828" m_c="0.048251" m_d="1.182098" m_tx="5.363305" m_ty="-169.044846"/>
   <element name="wood" layername="wood" frame="0" z_index="15" m_a="-0.932423" m_b="0.356720" m_c="0.356720" m_d="0.932423" m_tx="86.022057" m_ty="-112.831619"/>
   <element name="wood" layername="wood" frame="0" z_index="16" m_a="0.937178" m_b="0.344083" m_c="-0.344083" m_d="0.937178" m_tx="-85.994049" m_ty="-115.086029"/>
   <element name="coals" layername="coals" frame="0" z_index="17" m_a="1.085673" m_b="0.000000" m_c="0.000000" m_d="0.975214" m_tx="0.970642" m_ty="-10.954533"/>
   <element name="wood" layername="wood_2" frame="0" z_index="18" m_a="1.029073" m_b="-0.025400" m_c="0.020331" m_d="0.823707" m_tx="2.247247" m_ty="-114.695587"/>
  </frame>
  <frame idx="250" w="407" h="547" x="19.053955" y="-129.359161">
   <element name="lid" layername="lid" frame="0" z_index="13" m_a="1.036066" m_b="-0.033904" m_c="0.032862" m_d="1.004216" m_tx="-11.453081" m_ty="-231.337524"/>
   <element name="pot" layername="pot" frame="0" z_index="14" m_a="1.214235" m_b="-0.032978" m_c="0.032269" m_d="1.188126" m_tx="5.983520" m_ty="-172.575546"/>
   <element name="wood" layername="wood" frame="0" z_index="15" m_a="-0.947533" m_b="0.314299" m_c="0.314299" m_d="0.947533" m_tx="85.389900" m_ty="-114.441971"/>
   <element name="wood" layername="wood" frame="0" z_index="16" m_a="0.946119" m_b="0.318597" m_c="-0.318597" m_d="0.946119" m_tx="-86.029831" m_ty="-117.268997"/>
   <element name="coals" layername="coals" frame="0" z_index="17" m_a="1.104537" m_b="0.000000" m_c="0.000000" m_d="0.959624" m_tx="0.946788" m_ty="-10.226997"/>
   <element name="wood" layername="wood_2" frame="0" z_index="18" m_a="1.029348" m_b="-0.012082" m_c="0.009732" m_d="0.829142" m_tx="2.163758" m_ty="-116.723213"/>
  </frame>
  <frame idx="275" w="401" h="542" x="19.042603" y="-128.203064">
   <element name="lid" layername="lid" frame="0" z_index="13" m_a="1.022724" m_b="-0.007753" m_c="0.007602" m_d="1.002773" m_tx="-9.449009" m_ty="-234.733612"/>
   <element name="pot" layername="pot" frame="0" z_index="14" m_a="1.209018" m_b="-0.019999" m_c="0.019729" m_d="1.192665" m_tx="6.465978" m_ty="-175.321960"/>
   <element name="wood" layername="wood" frame="0" z_index="15" m_a="-0.957954" m_b="0.280854" m_c="0.280854" m_d="0.957954" m_tx="84.898155" m_ty="-115.694633"/>
   <element name="wood" layername="wood" frame="0" z_index="16" m_a="0.952596" m_b="0.298607" m_c="-0.298607" m_d="0.952596" m_tx="-86.057671" m_ty="-118.967056"/>
   <element name="coals" layername="coals" frame="0" z_index="17" m_a="1.119213" m_b="0.000000" m_c="0.000000" m_d="0.947497" m_tx="0.928231" m_ty="-9.661063"/>
   <element name="wood" layername="wood_2" frame="0" z_index="18" m_a="1.029446" m_b="-0.001722" m_c="0.001394" m_d="0.833275" m_tx="2.098811" m_ty="-118.300453"/>
  </frame>
  <frame idx="300" w="395" h="542" x="19.022095" y="-128.849075">
   <element name="lid" layername="lid" frame="0" z_index="13" m_a="1.012326" m_b="0.011343" m_c="-0.011219" m_d="1.001277" m_tx="-7.950660" m_ty="-237.272995"/>
   <element name="pot" layername="pot" frame="0" z_index="14" m_a="1.205025" m_b="-0.010370" m_c="0.010292" m_d="1.195966" m_tx="6.826690" m_ty="-177.375000"/>
   <element name="wood" layername="wood" frame="0" z_index="15" m_a="-0.964976" m_b="0.255623" m_c="0.255623" m_d="0.964976" m_tx="84.530502" m_ty="-116.630997"/>
   <element name="wood" layername="wood" frame="0" z_index="16" m_a="0.957162" m_b="0.283578" m_c="-0.283578" m_d="0.957162" m_tx="-86.078499" m_ty="-120.236000"/>
   <element name="coals" layername="coals" frame="0" z_index="17" m_a="1.130190" m_b="0.000000" m_c="0.000000" m_d="0.938430" m_tx="0.914358" m_ty="-9.237920"/>
   <element name="wood" layername="wood_2" frame="0" z_index="18" m_a="1.029452" m_b="0.006019" m_c="-0.004889" m_d="0.836311" m_tx="2.050250" m_ty="-119.480003"/>
  </frame>
  <frame idx="325" w="393" h="544" x="19.981750" y="-129.780914">
   <element name="lid" layername="lid" frame="0" z_index="13" m_a="1.006252" m_b="0.022036" m_c="-0.021905" m_d="1.000269" m_tx="-7.098197" m_ty="-238.717117"/>
   <element name="pot" layername="pot" frame="0" z_index="14" m_a="1.202722" m_b="-0.004921" m_c="0.004901" m_d="1.197816" m_tx="7.031911" m_ty="-178.543381"/>
   <element name="wood" layername="wood" frame="0" z_index="15" m_a="-0.968674" m_b="0.241187" m_c="0.241187" m_d="0.968674" m_tx="84.321312" m_ty="-117.163353"/>
   <element name="wood" layername="wood" frame="0" z_index="16" m_a="0.959656" m_b="0.274991" m_c="-0.274991" m_d="0.959656" m_tx="-86.090332" m_ty="-120.958061"/>
   <element name="coals" layername="coals" frame="0" z_index="17" m_a="1.136425" m_b="0.000000" m_c="0.000000" m_d="0.933271" m_tx="0.906465" m_ty="-8.997177"/>
   <element name="wood" layername="wood_2" frame="0" z_index="18" m_a="1.029425" m_b="0.010432" m_c="-0.008492" m_d="0.838016" m_tx="2.022625" m_ty="-120.150589"/>
  </frame>
  <frame idx="350" w="392" h="545" x="20.982346" y="-130.323792">
   <element name="lid" layername="lid" frame="0" z_index="13" m_a="1.002659" m_b="0.028212" m_c="-0.028126" m_d="0.999630" m_tx="-6.601584" m_ty="-239.558456"/>
   <element name="pot" layername="pot" frame="0" z_index="14" m_a="1.201370" m_b="-0.001756" m_c="0.001752" m_d="1.198881" m_tx="7.151467" m_ty="-179.223877"/>
   <element name="wood" layername="wood" frame="0" z_index="15" m_a="-0.970729" m_b="0.232753" m_c="0.232753" m_d="0.970729" m_tx="84.199455" m_ty="-117.473785"/>
   <element name="wood" layername="wood" frame="0" z_index="16" m_a="0.961071" m_b="0.269983" m_c="-0.269983" m_d="0.961071" m_tx="-86.097214" m_ty="-121.378975"/>
   <element name="coals" layername="coals" frame="0" z_index="17" m_a="1.140061" m_b="0.000000" m_c="0.000000" m_d="0.930266" m_tx="0.901866" m_ty="-8.856930"/>
   <element name="wood" layername="wood_2" frame="0" z_index="18" m_a="1.029398" m_b="0.013004" m_c="-0.010599" m_d="0.839002" m_tx="2.006532" m_ty="-120.541328"/>
  </frame>
  <frame idx="375" w="392" h="546" x="21.388794" y="-130.544128">
   <element name="lid" layername="lid" frame="0" z_index="13" m_a="1.001189" m_b="0.030711" m_c="-0.030655" m_d="0.999359" m_tx="-6.400000" m_ty="-239.899994"/>
   <element name="pot" layername="pot" frame="0" z_index="14" m_a="1.200820" m_b="-0.000473" m_c="0.000473" m_d="1.199310" m_tx="7.200000" m_ty="-179.500000"/>
   <element name="wood" layername="wood" frame="0" z_index="15" m_a="-0.971543" m_b="0.229325" m_c="0.229325" m_d="0.971543" m_tx="84.150002" m_ty="-117.599998"/>
   <element name="wood" layername="wood" frame="0" z_index="16" m_a="0.961638" m_b="0.267952" m_c="-0.267952" m_d="0.961638" m_tx="-86.099998" m_ty="-121.550003"/>
   <element name="coals" layername="coals" frame="0" z_index="17" m_a="1.141540" m_b="0.000000" m_c="0.000000" m_d="0.929047" m_tx="0.900000" m_ty="-8.800000"/>
   <element name="wood" layername="wood_2" frame="0" z_index="18" m_a="1.029384" m_b="0.014051" m_c="-0.011458" m_d="0.839401" m_tx="2.000000" m_ty="-120.699997"/>
  </frame>
 </anim>
 <anim name="idle" root="artifacts_refiner" numframes="25" framerate="40">
  <frame idx="0" w="392" h="546" x="21.713470" y="-130.863297">
   <element name="lid" layername="lid" frame="0" z_index="13" m_a="0.999512" m_b="0.008059" m_c="-0.008059" m_d="0.999512" m_tx="-5.850000" m_ty="-240.350006"/>
   <element name="pot" layername="pot" frame="0" z_index="14" m_a="1.200000" m_b="0.000000" m_c="0.000000" m_d="1.200000" m_tx="7.250000" m_ty="-179.850006"/>
   <element name="wood" layername="wood" frame="0" z_index="15" m_a="-0.973327" m_b="0.225097" m_c="0.225097" m_d="0.973327" m_tx="84.000000" m_ty="-117.849998"/>
   <element name="wood" layername="wood" frame="0" z_index="16" m_a="0.962614" m_b="0.267735" m_c="-0.267735" m_d="0.962614" m_tx="-86.150002" m_ty="-121.849998"/>
   <element name="coals" layername="coals" frame="0" z_index="17" m_a="1.143780" m_b="0.000000" m_c="0.000000" m_d="0.927185" m_tx="0.850000" m_ty="-8.750000"/>
   <element name="wood" layername="wood_2" frame="0" z_index="18" m_a="1.029402" m_b="0.017483" m_c="-0.014267" m_d="0.840027" m_tx="2.000000" m_ty="-120.949997"/>
  </frame>
 </anim>
 <anim name="place" root="artifacts_refiner" numframes="725" framerate="40">
  <frame idx="0" w="370" h="140" x="28.448593" y="-7.710194">
   <element name="coals" layername="coals" frame="0" z_index="18" m_a="1.143780" m_b="0.000000" m_c="0.000000" m_d="0.927185" m_tx="0.850000" m_ty="-8.750000"/>
  </frame>
  <frame idx="25" w="370" h="140" x="28.448593" y="-7.710194">
   <element name="coals" layername="coals" frame="0" z_index="18" m_a="1.143780" m_b="0.000000" m_c="0.000000" m_d="0.927185" m_tx="0.850000" m_ty="-8.750000"/>
  </frame>
  <frame idx="50" w="370" h="140" x="28.448593" y="-7.710194">
   <element name="coals" layername="coals" frame="0" z_index="17" m_a="1.143780" m_b="0.000000" m_c="0.000000" m_d="0.927185" m_tx="0.850000" m_ty="-8.750000"/>
   <element name="wood" layername="wood" frame="0" z_index="18" m_a="1.004844" m_b="0.141888" m_c="-0.015517" m_d="0.109891" m_tx="-59.486355" m_ty="-1.698415"/>
  </frame>
  <frame idx="75" w="370" h="140" x="28.448593" y="-7.710194">
   <element name="coals" layername="coals" frame="0" z_index="17" m_a="1.143780" m_b="0.000000" m_c="0.000000" m_d="0.927185" m_tx="0.850000" m_ty="-8.750000"/>
   <element name="wood" layername="wood" frame="0" z_index="16" m_a="0.508937" m_b="0.077132" m_c="-0.014025" m_d="0.092542" m_tx="-65.177277" m_ty="11.625672"/>
   <element name="wood" layername="wood" frame="0" z_index="18" m_a="1.019023" m_b="0.080291" m_c="-0.029208" m_d="0.370694" m_tx="-26.235430" m_ty="-45.222034"/>
  </frame>
  <frame idx="100" w="387" h="194" x="23.287415" y="-24.222549">
   <element name="coals" layername="coals" frame="0" z_index="17" m_a="1.143780" m_b="0.000000" m_c="0.000000" m_d="0.927185" m_tx="0.850000" m_ty="-8.750000"/>
   <element name="wood" layername="wood" frame="0" z_index="15" m_a="-0.973321" m_b="0.225126" m_c="0.019989" m_d="0.086421" m_tx="115.050003" m_ty="16.398399"/>
   <element name="wood" layername="wood" frame="0" z_index="16" m_a="0.962614" m_b="0.267735" m_c="-0.106244" m_d="0.381990" m_tx="-110.616997" m_ty="-33.883701"/>
   <element name="wood" layername="wood_2" frame="0" z_index="18" m_a="1.029402" m_b="0.017483" m_c="-0.010223" m_d="0.601962" m_tx="1.383330" m_ty="-84.899696"/>
  </frame>
  <frame idx="125" w="389" h="238" x="22.708847" y="-37.476341">
   <element name="coals" layername="coals" frame="0" z_index="17" m_a="1.143780" m_b="0.000000" m_c="0.000000" m_d="0.927185" m_tx="0.850000" m_ty="-8.750000"/>
   <element name="wood" layername="wood" frame="0" z_index="15" m_a="-0.973323" m_b="0.225118" m_c="0.070265" m_d="0.303796" m_tx="107.439705" m_ty="-16.505131"/>
   <element name="wood" layername="wood" frame="0" z_index="16" m_a="0.962614" m_b="0.267735" m_c="-0.165615" m_d="0.595453" m_tx="-101.621704" m_ty="-66.223846"/>
   <element name="wood" layername="wood_2" frame="0" z_index="18" m_a="1.029402" m_b="0.017483" m_c="-0.013196" m_d="0.777008" m_tx="1.836756" m_ty="-111.407272"/>
  </frame>
  <frame idx="150" w="391" h="248" x="22.118958" y="-40.320435">
   <element name="coals" layername="coals" frame="0" z_index="17" m_a="1.143780" m_b="0.000000" m_c="0.000000" m_d="0.927185" m_tx="0.850000" m_ty="-8.750000"/>
   <element name="wood" layername="wood" frame="0" z_index="15" m_a="-0.973324" m_b="0.225111" m_c="0.121512" m_d="0.525389" m_tx="99.681862" m_ty="-50.047031"/>
   <element name="wood" layername="wood" frame="0" z_index="16" m_a="0.962614" m_b="0.267735" m_c="-0.226138" m_d="0.813057" m_tx="-92.452103" m_ty="-99.191734"/>
   <element name="wood" layername="wood_2" frame="0" z_index="18" m_a="1.029402" m_b="0.017483" m_c="-0.013834" m_d="0.814581" m_tx="1.935350" m_ty="-117.095451"/>
  </frame>
  <frame idx="175" w="392" h="250" x="21.764572" y="-41.241089">
   <element name="coals" layername="coals" frame="0" z_index="17" m_a="1.143780" m_b="0.000000" m_c="0.000000" m_d="0.927185" m_tx="0.850000" m_ty="-8.750000"/>
   <element name="wood" layername="wood" frame="0" z_index="15" m_a="-0.973326" m_b="0.225105" m_c="0.173306" m_d="0.749355" m_tx="91.841003" m_ty="-83.948257"/>
   <element name="wood" layername="wood" frame="0" z_index="16" m_a="0.962614" m_b="0.267735" m_c="-0.262388" m_d="0.943388" m_tx="-86.962196" m_ty="-118.936783"/>
   <element name="wood" layername="wood_2" frame="0" z_index="18" m_a="1.029402" m_b="0.017483" m_c="-0.013159" m_d="0.774824" m_tx="1.834345" m_ty="-111.072731"/>
  </frame>
  <frame idx="200" w="391" h="282" x="21.924240" y="-50.801689">
   <element name="coals" layername="coals" frame="0" z_index="17" m_a="1.143780" m_b="0.000000" m_c="0.000000" m_d="0.927185" m_tx="0.850000" m_ty="-8.750000"/>
   <element name="wood" layername="wood" frame="0" z_index="15" m_a="-0.973327" m_b="0.225097" m_c="0.225096" m_d="0.973325" m_tx="84.000099" m_ty="-117.849998"/>
   <element name="wood" layername="wood" frame="0" z_index="16" m_a="0.962614" m_b="0.267735" m_c="-0.245679" m_d="0.883315" m_tx="-89.500000" m_ty="-109.833000"/>
   <element name="wood" layername="wood_2" frame="0" z_index="18" m_a="1.029402" m_b="0.017483" m_c="-0.012484" m_d="0.735067" m_tx="1.733330" m_ty="-105.050003"/>
   <element name="pot" layername="pot" frame="0" z_index="14" m_a="0.904101" m_b="0.000000" m_c="0.000000" m_d="0.854605" m_tx="1.250070" m_ty="-54.351700"/>
  </frame>
  <frame idx="225" w="391" h="339" x="22.079193" y="-68.141876">
   <element name="coals" layername="coals" frame="0" z_index="17" m_a="1.143780" m_b="0.000000" m_c="0.000000" m_d="0.927185" m_tx="0.850000" m_ty="-8.750000"/>
   <element name="wood" layername="wood" frame="0" z_index="15" m_a="-0.973327" m_b="0.225097" m_c="0.214365" m_d="0.926922" m_tx="85.629951" m_ty="-110.827942"/>
   <element name="wood" layername="wood" frame="0" z_index="16" m_a="0.962614" m_b="0.267735" m_c="-0.229462" m_d="0.825007" m_tx="-91.963234" m_ty="-100.997559"/>
   <element name="wood" layername="wood_2" frame="0" z_index="18" m_a="1.029402" m_b="0.017483" m_c="-0.011829" m_d="0.696480" m_tx="1.635301" m_ty="-99.204636"/>
   <element name="pot" layername="pot" frame="0" z_index="14" m_a="0.954876" m_b="0.000000" m_c="0.000000" m_d="0.970300" m_tx="2.720622" m_ty="-89.032066"/>
  </frame>
  <frame idx="250" w="390" h="398" x="22.237167" y="-85.818527">
   <element name="coals" layername="coals" frame="0" z_index="17" m_a="1.143780" m_b="0.000000" m_c="0.000000" m_d="0.927185" m_tx="0.850000" m_ty="-8.750000"/>
   <element name="wood" layername="wood" frame="0" z_index="15" m_a="-0.973328" m_b="0.225096" m_c="0.203424" m_d="0.879618" m_tx="87.291412" m_ty="-103.669746"/>
   <element name="wood" layername="wood" frame="0" z_index="16" m_a="0.962614" m_b="0.267735" m_c="-0.212930" m_d="0.765570" m_tx="-94.474190" m_ty="-91.990715"/>
   <element name="wood" layername="wood_2" frame="0" z_index="18" m_a="1.029402" m_b="0.017483" m_c="-0.012025" m_d="0.708033" m_tx="1.664650" m_ty="-100.954704"/>
   <element name="pot" layername="pot" frame="0" z_index="14" m_a="1.006636" m_b="0.000000" m_c="0.000000" m_d="1.088236" m_tx="4.219697" m_ty="-124.385361"/>
  </frame>
  <frame idx="275" w="390" h="457" x="22.294647" y="-103.684555">
   <element name="coals" layername="coals" frame="0" z_index="17" m_a="1.143780" m_b="0.000000" m_c="0.000000" m_d="0.927185" m_tx="0.850000" m_ty="-8.750000"/>
   <element name="wood" layername="wood" frame="0" z_index="15" m_a="-0.973328" m_b="0.225095" m_c="0.192366" m_d="0.831808" m_tx="88.970657" m_ty="-96.434998"/>
   <element name="wood" layername="wood" frame="0" z_index="16" m_a="0.962614" m_b="0.267735" m_c="-0.206915" m_d="0.743943" m_tx="-95.387802" m_ty="-88.713539"/>
   <element name="wood" layername="wood_2" frame="0" z_index="18" m_a="1.029402" m_b="0.017483" m_c="-0.012700" m_d="0.747789" m_tx="1.765655" m_ty="-106.977272"/>
   <element name="pot" layername="pot" frame="0" z_index="14" m_a="1.058952" m_b="0.000000" m_c="0.000000" m_d="1.207435" m_tx="5.734833" m_ty="-160.117432"/>
  </frame>
  <frame idx="300" w="391" h="515" x="22.134979" y="-121.550842">
   <element name="coals" layername="coals" frame="0" z_index="17" m_a="1.143780" m_b="0.000000" m_c="0.000000" m_d="0.927185" m_tx="0.850000" m_ty="-8.750000"/>
   <element name="wood" layername="wood" frame="0" z_index="15" m_a="-0.973328" m_b="0.225093" m_c="0.181309" m_d="0.783998" m_tx="90.649902" m_ty="-89.200302"/>
   <element name="wood" layername="wood" frame="0" z_index="16" m_a="0.962614" m_b="0.267735" m_c="-0.223624" m_d="0.804017" m_tx="-92.849998" m_ty="-97.816803"/>
   <element name="wood" layername="wood_2" frame="0" z_index="18" m_a="1.029402" m_b="0.017483" m_c="-0.013375" m_d="0.787546" m_tx="1.866670" m_ty="-113.000000"/>
   <element name="pot" layername="pot" frame="0" z_index="14" m_a="1.111270" m_b="0.000000" m_c="0.000000" m_d="1.326640" m_tx="7.250000" m_ty="-195.850006"/>
  </frame>
  <frame idx="325" w="391" h="510" x="21.980026" y="-119.590179">
   <element name="coals" layername="coals" frame="0" z_index="17" m_a="1.143780" m_b="0.000000" m_c="0.000000" m_d="0.927185" m_tx="0.850000" m_ty="-8.750000"/>
   <element name="wood" layername="wood" frame="0" z_index="15" m_a="-0.973328" m_b="0.225095" m_c="0.192041" m_d="0.830402" m_tx="89.020042" m_ty="-96.222214"/>
   <element name="wood" layername="wood" frame="0" z_index="16" m_a="0.962614" m_b="0.267735" m_c="-0.239841" m_d="0.862324" m_tx="-90.386765" m_ty="-106.652245"/>
   <element name="wood" layername="wood_2" frame="0" z_index="18" m_a="1.029402" m_b="0.017483" m_c="-0.014031" m_d="0.826135" m_tx="1.964707" m_ty="-118.845589"/>
   <element name="pot" layername="pot" frame="0" z_index="14" m_a="1.143888" m_b="0.000000" m_c="0.000000" m_d="1.280081" m_tx="7.250000" m_ty="-191.928680"/>
  </frame>
  <frame idx="350" w="392" h="503" x="21.822052" y="-117.591248">
   <element name="coals" layername="coals" frame="0" z_index="17" m_a="1.143780" m_b="0.000000" m_c="0.000000" m_d="0.927185" m_tx="0.850000" m_ty="-8.750000"/>
   <element name="wood" layername="wood" frame="0" z_index="15" m_a="-0.973328" m_b="0.225096" m_c="0.202982" m_d="0.877705" m_tx="87.358582" m_ty="-103.380356"/>
   <element name="wood" layername="wood" frame="0" z_index="16" m_a="0.962614" m_b="0.267735" m_c="-0.256373" m_d="0.921763" m_tx="-87.875755" m_ty="-115.659424"/>
   <element name="wood" layername="wood_2" frame="0" z_index="18" m_a="1.029402" m_b="0.017483" m_c="-0.014267" m_d="0.840027" m_tx="2.000000" m_ty="-120.949997"/>
   <element name="pot" layername="pot" frame="0" z_index="14" m_a="1.177143" m_b="0.000000" m_c="0.000000" m_d="1.232619" m_tx="7.250000" m_ty="-187.930817"/>
  </frame>
  <frame idx="375" w="392" h="495" x="21.713470" y="-115.570908">
   <element name="coals" layername="coals" frame="0" z_index="17" m_a="1.143780" m_b="0.000000" m_c="0.000000" m_d="0.927185" m_tx="0.850000" m_ty="-8.750000"/>
   <element name="wood" layername="wood" frame="0" z_index="15" m_a="-0.973327" m_b="0.225097" m_c="0.214040" m_d="0.925516" m_tx="85.679314" m_ty="-110.615150"/>
   <element name="wood" layername="wood" frame="0" z_index="16" m_a="0.962614" m_b="0.267735" m_c="-0.267735" m_d="0.962614" m_tx="-86.150002" m_ty="-121.849998"/>
   <element name="wood" layername="wood_2" frame="0" z_index="18" m_a="1.029402" m_b="0.017483" m_c="-0.014267" m_d="0.840027" m_tx="2.000000" m_ty="-120.949997"/>
   <element name="pot" layername="pot" frame="0" z_index="14" m_a="1.210756" m_b="0.000000" m_c="0.000000" m_d="1.184647" m_tx="7.250000" m_ty="-183.890152"/>
  </frame>
  <frame idx="400" w="396" h="489" x="25.279816" y="-113.550842">
   <element name="coals" layername="coals" frame="0" z_index="17" m_a="1.143780" m_b="0.000000" m_c="0.000000" m_d="0.927185" m_tx="0.850000" m_ty="-8.750000"/>
   <element name="wood" layername="wood" frame="0" z_index="15" m_a="-0.973327" m_b="0.225097" m_c="0.225097" m_d="0.973327" m_tx="84.000000" m_ty="-117.849998"/>
   <element name="wood" layername="wood" frame="0" z_index="16" m_a="0.962614" m_b="0.267735" m_c="-0.267735" m_d="0.962614" m_tx="-86.150002" m_ty="-121.849998"/>
   <element name="wood" layername="wood_2" frame="0" z_index="18" m_a="1.029402" m_b="0.017483" m_c="-0.014267" m_d="0.840027" m_tx="2.000000" m_ty="-120.949997"/>
   <element name="pot" layername="pot" frame="0" z_index="14" m_a="1.244370" m_b="0.000000" m_c="0.000000" m_d="1.136670" m_tx="7.250000" m_ty="-179.850006"/>
   <element name="lid" layername="lid" frame="0" z_index="13" m_a="0.522604" m_b="0.004223" m_c="-0.001692" m_d="0.209362" m_tx="-4.400030" m_ty="-190.651993"/>
  </frame>
  <frame idx="425" w="394" h="538" x="23.702942" y="-128.433411">
   <element name="coals" layername="coals" frame="0" z_index="17" m_a="1.143780" m_b="0.000000" m_c="0.000000" m_d="0.927185" m_tx="0.850000" m_ty="-8.750000"/>
   <element name="wood" layername="wood" frame="0" z_index="15" m_a="-0.973327" m_b="0.225097" m_c="0.225097" m_d="0.973327" m_tx="84.000000" m_ty="-117.849998"/>
   <element name="wood" layername="wood" frame="0" z_index="16" m_a="0.962614" m_b="0.267735" m_c="-0.267735" m_d="0.962614" m_tx="-86.150002" m_ty="-121.849998"/>
   <element name="wood" layername="wood_2" frame="0" z_index="18" m_a="1.029402" m_b="0.017483" m_c="-0.014267" m_d="0.840027" m_tx="2.000000" m_ty="-120.949997"/>
   <element name="pot" layername="pot" frame="0" z_index="14" m_a="1.233495" m_b="0.000000" m_c="0.000000" m_d="1.152192" m_tx="7.250000" m_ty="-179.850006"/>
   <element name="lid" layername="lid" frame="0" z_index="13" m_a="0.693690" m_b="0.005597" m_c="-0.004283" m_d="0.530914" m_tx="-5.315993" m_ty="-235.490234"/>
  </frame>
  <frame idx="450" w="392" h="590" x="22.095490" y="-144.154968">
   <element name="coals" layername="coals" frame="0" z_index="17" m_a="1.143780" m_b="0.000000" m_c="0.000000" m_d="0.927185" m_tx="0.850000" m_ty="-8.750000"/>
   <element name="wood" layername="wood" frame="0" z_index="15" m_a="-0.973327" m_b="0.225097" m_c="0.225097" m_d="0.973327" m_tx="84.000000" m_ty="-117.849998"/>
   <element name="wood" layername="wood" frame="0" z_index="16" m_a="0.962614" m_b="0.267735" m_c="-0.267735" m_d="0.962614" m_tx="-86.150002" m_ty="-121.849998"/>
   <element name="wood" layername="wood_2" frame="0" z_index="18" m_a="1.029402" m_b="0.017483" m_c="-0.014267" m_d="0.840027" m_tx="2.000000" m_ty="-120.949997"/>
   <element name="pot" layername="pot" frame="0" z_index="14" m_a="1.222409" m_b="0.000000" m_c="0.000000" m_d="1.168015" m_tx="7.250000" m_ty="-179.850006"/>
   <element name="lid" layername="lid" frame="0" z_index="13" m_a="0.813664" m_b="0.006561" m_c="-0.006099" m_d="0.756403" m_tx="-5.958312" m_ty="-266.933350"/>
  </frame>
  <frame idx="475" w="392" h="621" x="21.713470" y="-153.527313">
   <element name="coals" layername="coals" frame="0" z_index="17" m_a="1.143780" m_b="0.000000" m_c="0.000000" m_d="0.927185" m_tx="0.850000" m_ty="-8.750000"/>
   <element name="wood" layername="wood" frame="0" z_index="15" m_a="-0.973327" m_b="0.225097" m_c="0.225097" m_d="0.973327" m_tx="84.000000" m_ty="-117.849998"/>
   <element name="wood" layername="wood" frame="0" z_index="16" m_a="0.962614" m_b="0.267735" m_c="-0.267735" m_d="0.962614" m_tx="-86.150002" m_ty="-121.849998"/>
   <element name="wood" layername="wood_2" frame="0" z_index="18" m_a="1.029402" m_b="0.017483" m_c="-0.014267" m_d="0.840027" m_tx="2.000000" m_ty="-120.949997"/>
   <element name="pot" layername="pot" frame="0" z_index="14" m_a="1.211205" m_b="0.000000" m_c="0.000000" m_d="1.184008" m_tx="7.250000" m_ty="-179.850006"/>
   <element name="lid" layername="lid" frame="0" z_index="13" m_a="0.885185" m_b="0.007138" m_c="-0.007183" m_d="0.890827" m_tx="-6.341228" m_ty="-285.678040"/>
  </frame>
  <frame idx="500" w="392" h="634" x="21.713470" y="-157.413300">
   <element name="coals" layername="coals" frame="0" z_index="17" m_a="1.143780" m_b="0.000000" m_c="0.000000" m_d="0.927185" m_tx="0.850000" m_ty="-8.750000"/>
   <element name="wood" layername="wood" frame="0" z_index="15" m_a="-0.973327" m_b="0.225097" m_c="0.225097" m_d="0.973327" m_tx="84.000000" m_ty="-117.849998"/>
   <element name="wood" layername="wood" frame="0" z_index="16" m_a="0.962614" m_b="0.267735" m_c="-0.267735" m_d="0.962614" m_tx="-86.150002" m_ty="-121.849998"/>
   <element name="wood" layername="wood_2" frame="0" z_index="18" m_a="1.029402" m_b="0.017483" m_c="-0.014267" m_d="0.840027" m_tx="2.000000" m_ty="-120.949997"/>
   <element name="pot" layername="pot" frame="0" z_index="14" m_a="1.200000" m_b="0.000000" m_c="0.000000" m_d="1.200000" m_tx="7.250000" m_ty="-179.850006"/>
   <element name="lid" layername="lid" frame="0" z_index="13" m_a="0.914840" m_b="0.007377" m_c="-0.007632" m_d="0.946563" m_tx="-6.500000" m_ty="-293.450012"/>
  </frame>
  <frame idx="525" w="392" h="627" x="21.713470" y="-155.258148">
   <element name="coals" layername="coals" frame="0" z_index="17" m_a="1.143780" m_b="0.000000" m_c="0.000000" m_d="0.927185" m_tx="0.850000" m_ty="-8.750000"/>
   <element name="wood" layername="wood" frame="0" z_index="15" m_a="-0.973075" m_b="0.224991" m_c="0.224991" m_d="0.973075" m_tx="84.000000" m_ty="-117.868385"/>
   <element name="wood" layername="wood" frame="0" z_index="16" m_a="0.962614" m_b="0.267735" m_c="-0.267735" m_d="0.962614" m_tx="-86.150002" m_ty="-121.849998"/>
   <element name="wood" layername="wood_2" frame="0" z_index="18" m_a="1.029402" m_b="0.017483" m_c="-0.014267" m_d="0.840027" m_tx="2.000000" m_ty="-120.949997"/>
   <element name="pot" layername="pot" frame="0" z_index="14" m_a="1.201743" m_b="0.000000" m_c="0.000000" m_d="1.190132" m_tx="7.268383" m_ty="-178.986038"/>
   <element name="lid" layername="lid" frame="0" z_index="13" m_a="0.921504" m_b="0.007004" m_c="-0.007206" m_d="0.947998" m_tx="-6.458640" m_ty="-289.139709"/>
  </frame>
  <frame idx="550" w="392" h="609" x="21.713470" y="-149.588242">
   <element name="coals" layername="coals" frame="0" z_index="17" m_a="1.143780" m_b="0.000000" m_c="0.000000" m_d="0.927185" m_tx="0.850000" m_ty="-8.750000"/>
   <element name="wood" layername="wood" frame="0" z_index="15" m_a="-0.972818" m_b="0.224883" m_c="0.224882" m_d="0.972817" m_tx="84.000000" m_ty="-117.887123"/>
   <element name="wood" layername="wood" frame="0" z_index="16" m_a="0.962614" m_b="0.267735" m_c="-0.267735" m_d="0.962614" m_tx="-86.150002" m_ty="-121.849998"/>
   <element name="wood" layername="wood_2" frame="0" z_index="18" m_a="1.029402" m_b="0.017483" m_c="-0.014267" m_d="0.840027" m_tx="2.000000" m_ty="-120.949997"/>
   <element name="pot" layername="pot" frame="0" z_index="14" m_a="1.203519" m_b="0.000000" m_c="0.000000" m_d="1.180078" m_tx="7.287117" m_ty="-178.105301"/>
   <element name="lid" layername="lid" frame="0" z_index="13" m_a="0.939033" m_b="0.006004" m_c="-0.006086" m_d="0.951771" m_tx="-6.349815" m_ty="-277.799896"/>
  </frame>
  <frame idx="575" w="392" h="574" x="21.713470" y="-138.927689">
   <element name="coals" layername="coals" frame="0" z_index="17" m_a="1.143780" m_b="0.000000" m_c="0.000000" m_d="0.927185" m_tx="0.850000" m_ty="-8.750000"/>
   <element name="wood" layername="wood" frame="0" z_index="15" m_a="-0.974131" m_b="0.225270" m_c="0.223101" m_d="0.964751" m_tx="84.175758" m_ty="-116.566666"/>
   <element name="wood" layername="wood" frame="0" z_index="16" m_a="0.962614" m_b="0.267735" m_c="-0.267735" m_d="0.962614" m_tx="-86.150002" m_ty="-121.849998"/>
   <element name="wood" layername="wood_2" frame="0" z_index="18" m_a="1.029402" m_b="0.017483" m_c="-0.014267" m_d="0.840027" m_tx="2.000000" m_ty="-120.949997"/>
   <element name="pot" layername="pot" frame="0" z_index="14" m_a="1.205315" m_b="0.000000" m_c="0.000000" m_d="1.169924" m_tx="7.057571" m_ty="-174.203033"/>
   <element name="lid" layername="lid" frame="0" z_index="13" m_a="0.967308" m_b="0.005766" m_c="-0.005710" m_d="0.957844" m_tx="-6.407581" m_ty="-256.478790"/>
  </frame>
  <frame idx="600" w="392" h="516" x="21.713470" y="-121.863297">
   <element name="coals" layername="coals" frame="0" z_index="17" m_a="1.143780" m_b="0.000000" m_c="0.000000" m_d="0.927185" m_tx="0.850000" m_ty="-8.750000"/>
   <element name="wood" layername="wood" frame="0" z_index="15" m_a="-0.978786" m_b="0.226717" m_c="0.217756" m_d="0.940099" m_tx="84.724998" m_ty="-112.400002"/>
   <element name="wood" layername="wood" frame="0" z_index="16" m_a="0.962614" m_b="0.267735" m_c="-0.267735" m_d="0.962614" m_tx="-86.150002" m_ty="-121.849998"/>
   <element name="wood" layername="wood_2" frame="0" z_index="18" m_a="1.029402" m_b="0.017483" m_c="-0.014267" m_d="0.840027" m_tx="2.000000" m_ty="-120.949997"/>
   <element name="pot" layername="pot" frame="0" z_index="14" m_a="1.207110" m_b="0.000000" m_c="0.000000" m_d="1.159780" m_tx="6.300010" m_ty="-163.899994"/>
   <element name="lid" layername="lid" frame="0" z_index="13" m_a="1.005427" m_b="0.008107" m_c="-0.007789" m_d="0.966007" m_tx="-6.899990" m_ty="-222.350006"/>
  </frame>
  <frame idx="625" w="390" h="524" x="22.266388" y="-124.069168">
   <element name="coals" layername="coals" frame="0" z_index="17" m_a="1.143780" m_b="0.000000" m_c="0.000000" m_d="0.927185" m_tx="0.850000" m_ty="-8.750000"/>
   <element name="wood" layername="wood" frame="0" z_index="15" m_a="-0.983298" m_b="0.228123" m_c="0.212551" m_d="0.916177" m_tx="85.258087" m_ty="-108.355881"/>
   <element name="wood" layername="wood" frame="0" z_index="16" m_a="0.969742" m_b="0.270415" m_c="-0.255463" m_d="0.916124" m_tx="-87.142647" m_ty="-113.577942"/>
   <element name="wood" layername="wood_2" frame="0" z_index="18" m_a="1.041818" m_b="0.017747" m_c="-0.013551" m_d="0.795524" m_tx="2.073529" m_ty="-112.751472"/>
   <element name="pot" layername="pot" frame="0" z_index="14" m_a="1.205367" m_b="0.000000" m_c="0.000000" m_d="1.169633" m_tx="6.532848" m_ty="-167.809555"/>
   <element name="lid" layername="lid" frame="0" z_index="13" m_a="1.003979" m_b="0.008095" m_c="-0.007855" m_d="0.974218" m_tx="-6.642644" m_ty="-226.761765"/>
  </frame>
  <frame idx="650" w="391" h="532" x="22.182373" y="-126.317825">
   <element name="coals" layername="coals" frame="0" z_index="17" m_a="1.143780" m_b="0.000000" m_c="0.000000" m_d="0.927185" m_tx="0.850000" m_ty="-8.750000"/>
   <element name="wood" layername="wood" frame="0" z_index="15" m_a="-0.982115" m_b="0.227772" m_c="0.214180" m_d="0.923506" m_tx="85.098480" m_ty="-109.554550"/>
   <element name="wood" layername="wood" frame="0" z_index="16" m_a="0.968668" m_b="0.270012" m_c="-0.257322" m_d="0.923143" m_tx="-86.992752" m_ty="-114.827393"/>
   <element name="wood" layername="wood_2" frame="0" z_index="18" m_a="1.039943" m_b="0.017708" m_c="-0.013660" m_d="0.802244" m_tx="2.062424" m_ty="-113.989578"/>
   <element name="pot" layername="pot" frame="0" z_index="14" m_a="1.203591" m_b="0.000000" m_c="0.000000" m_d="1.179682" m_tx="6.770202" m_ty="-171.794449"/>
   <element name="lid" layername="lid" frame="0" z_index="13" m_a="1.002502" m_b="0.008083" m_c="-0.007923" m_d="0.982589" m_tx="-6.380303" m_ty="-231.259094"/>
  </frame>
  <frame idx="675" w="392" h="539" x="21.840820" y="-128.590576">
   <element name="coals" layername="coals" frame="0" z_index="17" m_a="1.143780" m_b="0.000000" m_c="0.000000" m_d="0.927185" m_tx="0.850000" m_ty="-8.750000"/>
   <element name="wood" layername="wood" frame="0" z_index="15" m_a="-0.977725" m_b="0.226434" m_c="0.219646" m_d="0.948415" m_tx="84.549240" m_ty="-113.702271"/>
   <element name="wood" layername="wood" frame="0" z_index="16" m_a="0.964270" m_b="0.268360" m_c="-0.264899" m_d="0.951834" m_tx="-86.380150" m_ty="-119.932579"/>
   <element name="wood" layername="wood_2" frame="0" z_index="18" m_a="1.032280" m_b="0.017546" m_c="-0.014102" m_d="0.829709" m_tx="2.017045" m_ty="-119.049240"/>
   <element name="pot" layername="pot" frame="0" z_index="14" m_a="1.201795" m_b="0.000000" m_c="0.000000" m_d="1.189841" m_tx="7.010098" m_ty="-175.821976"/>
   <element name="lid" layername="lid" frame="0" z_index="13" m_a="1.001009" m_b="0.008071" m_c="-0.007991" m_d="0.991050" m_tx="-6.115151" m_ty="-235.804550"/>
  </frame>
  <frame idx="700" w="392" h="546" x="21.713470" y="-130.863297">
   <element name="coals" layername="coals" frame="0" z_index="17" m_a="1.143780" m_b="0.000000" m_c="0.000000" m_d="0.927185" m_tx="0.850000" m_ty="-8.750000"/>
   <element name="wood" layername="wood" frame="0" z_index="15" m_a="-0.973327" m_b="0.225097" m_c="0.225097" m_d="0.973327" m_tx="84.000000" m_ty="-117.849998"/>
   <element name="wood" layername="wood" frame="0" z_index="16" m_a="0.962614" m_b="0.267735" m_c="-0.267735" m_d="0.962614" m_tx="-86.150002" m_ty="-121.849998"/>
   <element name="wood" layername="wood_2" frame="0" z_index="18" m_a="1.029402" m_b="0.017483" m_c="-0.014267" m_d="0.840027" m_tx="2.000000" m_ty="-120.949997"/>
   <element name="pot" layername="pot" frame="0" z_index="14" m_a="1.200000" m_b="0.000000" m_c="0.000000" m_d="1.200000" m_tx="7.250000" m_ty="-179.850006"/>
   <element name="lid" layername="lid" frame="0" z_index="13" m_a="0.999512" m_b="0.008059" m_c="-0.008059" m_d="0.999512" m_tx="-5.850000" m_ty="-240.350006"/>
  </frame>
 </anim>
</Anims>
